central,tecnologia,region,potencia_mw,anio_inicio
Central Río Manso Alto,hidro,Biobío,420,2004
Central Salto Verde,hidro,Los Lagos,310,1998
Central Aguas Claras,hidro,Biobío,180,2011
Central Vega Azul,hidro,Los Lagos,95,2016
Central Tres Saltos,hidro,Biobío,260,1995
Parque Solar Pampa Alta,solar,Antofagasta,230,2019
Parque Solar Llano Seco,solar,Atacama,180,2020
Parque Solar Sol Naciente,solar,Antofagasta,145,2021
Parque Solar Quebrada Honda,solar,Atacama,95,2022
Parque Solar Altiplano,solar,Antofagasta,310,2023
Eólica Cerro Negro,eolica,Coquimbo,160,2017
Eólica Punta Ventosa,eolica,Coquimbo,120,2018
Eólica Loma Fría,eolica,Valparaíso,85,2020
Eólica Campo Abierto,eolica,Coquimbo,200,2021
Termoeléctrica Bahía Norte,gas,Valparaíso,375,2008
Termoeléctrica Puerto Sur,gas,Biobío,290,2012
Termoeléctrica Valle Central,gas,Metropolitana,210,2006
Carboeléctrica Costa Brava,carbon,Biobío,480,2001
Carboeléctrica Roca Gris,carbon,Antofagasta,350,1999
Diésel Respaldo Cordillera,diesel,Metropolitana,45,2014
Parque Solar Río Seco,solar,Atacama,260,2025
