central,fecha,tipo_evento,duracion_horas,observacion
Eólica Campo Abierto,2024-01-01,preventivo,5,Se registra la lubricación periódica sobre el grupo hidráulico.
Parque Solar Quebrada Honda,2024-01-01,preventivo,8,"El operador reporta la lubricación periódica, se revisa el grupo hidráulico y se completa la pauta sin observaciones."
Parque Solar Llano Seco,2024-01-02,falla_mecanica,49,"El operador reporta vibración fuera de norma, se revisa el acoplamiento y se rellena y se purga el circuito de aceite."
Parque Solar Quebrada Honda,2024-01-02,inspeccion,6,Se registra la lectura de instrumentos sobre los niveles de aceite.
Central Tres Saltos,2024-01-03,correctivo,38,"Evento por la reparación de la falla del turno anterior en la sección fuera de servicio, se reemplaza la pieza y se prueba en vacío."
Central Tres Saltos,2024-01-06,preventivo,19,Se registra la mantención programada sobre el tablero de control.
Eólica Cerro Negro,2024-01-06,preventivo,21,"El operador reporta la lubricación periódica, se revisa el sistema de refrigeración y se reaprietan las conexiones y se sella."
Central Tres Saltos,2024-01-08,falla_electrica,17,Se registra un cortocircuito monofásico sobre el aislador de línea.
Central Tres Saltos,2024-01-08,correctivo,59,"El operador reporta el levantamiento de la indisponibilidad, se revisa el módulo de potencia y se repara y se devuelve a servicio."
Parque Solar Pampa Alta,2024-01-08,preventivo,13,"Se detecta la mantención programada en el tablero de control, se completa la pauta sin observaciones."
Diésel Respaldo Cordillera,2024-01-09,preventivo,17,"El operador reporta la mantención programada, se revisa los filtros de aire y se cambian filtros y se registra la lectura."
Eólica Campo Abierto,2024-01-09,preventivo,15,Se registra la lubricación periódica sobre el grupo hidráulico.
Parque Solar Sol Naciente,2024-01-09,inspeccion,8,"Evento por el chequeo de seguridad en el conjunto de medida, se programa revisión de detalle."
Diésel Respaldo Cordillera,2024-01-12,preventivo,20,"Se detecta el cambio de filtros en las conexiones de fuerza, se cambian filtros y se registra la lectura."
Parque Solar Quebrada Honda,2024-01-12,preventivo,21,"Evento por el ajuste de rutina en las conexiones de fuerza, se cambian filtros y se registra la lectura."
Parque Solar Sol Naciente,2024-01-12,preventivo,23,"El operador reporta el ajuste de rutina, se revisa el sistema de refrigeración y se cambian filtros y se registra la lectura."
Termoeléctrica Valle Central,2024-01-12,inspeccion,8,"Evento por el chequeo de seguridad en la señalética del área, se deja constancia sin hallazgos."
Carboeléctrica Roca Gris,2024-01-13,falla_mecanica,48,Se registra ruido anormal sobre el acoplamiento.
Eólica Campo Abierto,2024-01-13,correctivo,51,"Evento por la orden de trabajo pendiente en el equipo afectado, se repara y se devuelve a servicio."
Eólica Punta Ventosa,2024-01-13,inspeccion,7,Se registra la ronda de rutina sobre el registro de alarmas.
Parque Solar Quebrada Honda,2024-01-13,inspeccion,2,"El operador reporta la lectura de instrumentos, se revisa el registro de alarmas y se programa revisión de detalle."
Parque Solar Altiplano,2024-01-14,preventivo,17,"Evento por el ajuste de rutina en el tablero de control, se reaprietan las conexiones y se sella."
Central Río Manso Alto,2024-01-15,inspeccion,4,"Evento por la lectura de instrumentos en el estado de los accesos, se deja constancia sin hallazgos."
Parque Solar Llano Seco,2024-01-16,falla_mecanica,80,"Se detecta ruido anormal en el rodamiento del eje, se ajusta el acoplamiento y se mide la vibración."
Termoeléctrica Bahía Norte,2024-01-17,falla_electrica,6,"Evento por corriente de fuga elevada en el aislador de línea, se reconecta el interruptor tras verificar la aislación."
Termoeléctrica Bahía Norte,2024-01-17,preventivo,7,"Se detecta el ajuste de rutina en las conexiones de fuerza, se completa la pauta sin observaciones."
Parque Solar Sol Naciente,2024-01-18,preventivo,11,"Se detecta la lubricación periódica en los filtros de aire, se reaprietan las conexiones y se sella."
Central Aguas Claras,2024-01-19,preventivo,15,"Se detecta el cambio de filtros en el grupo hidráulico, se reaprietan las conexiones y se sella."
Central Río Manso Alto,2024-01-19,preventivo,10,Se registra el ajuste de rutina sobre las conexiones de fuerza.
Eólica Punta Ventosa,2024-01-19,evento_climatico,21,"Se detecta acumulación de nieve en el pararrayos del patio, se drena el sector y se revisa la puesta a tierra."
Termoeléctrica Puerto Sur,2024-01-20,inspeccion,3,Se registra la verificación visual sobre el registro de alarmas.
Carboeléctrica Costa Brava,2024-01-21,preventivo,23,"Se detecta la lubricación periódica en el sistema de refrigeración, se completa la pauta sin observaciones."
Central Río Manso Alto,2024-01-22,preventivo,11,"Se detecta la lubricación periódica en el grupo hidráulico, se completa la pauta sin observaciones."
Central Salto Verde,2024-01-24,preventivo,10,Se registra el ajuste de rutina sobre el tablero de control.
Carboeléctrica Roca Gris,2024-01-25,preventivo,12,"Evento por la mantención programada en las conexiones de fuerza, se reaprietan las conexiones y se sella."
Parque Solar Llano Seco,2024-01-25,preventivo,7,"Se detecta el cambio de filtros en el grupo hidráulico, se reaprietan las conexiones y se sella."
Termoeléctrica Bahía Norte,2024-01-25,preventivo,11,"El operador reporta el ajuste de rutina, se revisa el grupo hidráulico y se cambian filtros y se registra la lectura."
Central Tres Saltos,2024-01-27,preventivo,10,"Evento por el cambio de filtros en el grupo hidráulico, se cambian filtros y se registra la lectura."
Central Vega Azul,2024-01-27,falla_mecanica,41,"El operador reporta temperatura elevada en el descanso, se revisa la caja multiplicadora y se reemplaza el rodamiento y se alinea el eje."
Central Aguas Claras,2024-01-28,falla_mecanica,33,"El operador reporta temperatura elevada en el descanso, se revisa el rodamiento del eje y se ajusta el acoplamiento y se mide la vibración."
Termoeléctrica Puerto Sur,2024-01-28,correctivo,49,"Evento por la reparación de la falla del turno anterior en la sección fuera de servicio, se repara y se devuelve a servicio."
Parque Solar Llano Seco,2024-01-30,falla_mecanica,36,"Evento por ruido anormal en la bomba de lubricación, se ajusta el acoplamiento y se mide la vibración."
Central Salto Verde,2024-02-01,falla_mecanica,84,"Evento por ruido anormal en la bomba de lubricación, se rellena y se purga el circuito de aceite."
Eólica Punta Ventosa,2024-02-01,preventivo,15,Se registra la lubricación periódica sobre el grupo hidráulico.
Eólica Punta Ventosa,2024-02-01,evento_climatico,21,Se registra lluvia intensa con anegamiento sobre el camino de acceso.
Eólica Punta Ventosa,2024-02-01,falla_mecanica,89,"Evento por vibración fuera de norma en el rodamiento del eje, se ajusta el acoplamiento y se mide la vibración."
Central Río Manso Alto,2024-02-03,correctivo,29,"El operador reporta la intervención de emergencia, se revisa el módulo de potencia y se reemplaza la pieza y se prueba en vacío."
Parque Solar Pampa Alta,2024-02-03,inspeccion,2,"El operador reporta la verificación visual, se revisa el estado de los accesos y se programa revisión de detalle."
Central Vega Azul,2024-02-05,falla_electrica,8,Se registra sobretensión sostenida sobre el interruptor principal.
Parque Solar Sol Naciente,2024-02-06,falla_electrica,46,Se registra sobretensión sostenida sobre el interruptor principal.
Eólica Loma Fría,2024-02-07,evento_climatico,20,"El operador reporta acumulación de nieve, se revisa la estructura de la torre y se inspecciona la estructura y se despeja la faja."
Eólica Loma Fría,2024-02-07,falla_mecanica,23,"Se detecta temperatura elevada en el descanso en el rodamiento del eje, se reemplaza el rodamiento y se alinea el eje."
Eólica Punta Ventosa,2024-02-07,preventivo,6,Se registra el cambio de filtros sobre los filtros de aire.
Parque Solar Altiplano,2024-02-07,inspeccion,1,"El operador reporta la verificación visual, se revisa el registro de alarmas y se deja constancia sin hallazgos."
Parque Solar Sol Naciente,2024-02-07,correctivo,62,"El operador reporta la intervención de emergencia, se revisa el equipo afectado y se normaliza y se informa al despacho."
Central Vega Azul,2024-02-08,inspeccion,5,"Evento por la verificación visual en la señalética del área, se programa revisión de detalle."
Central Vega Azul,2024-02-08,correctivo,49,"Evento por la orden de trabajo pendiente en el módulo de potencia, se normaliza y se informa al despacho."
Eólica Loma Fría,2024-02-08,evento_climatico,24,"Se detecta lluvia intensa con anegamiento en la estructura de la torre, se repone el servicio al amainar."
Eólica Loma Fría,2024-02-08,falla_mecanica,28,"El operador reporta vibración fuera de norma, se revisa la caja multiplicadora y se ajusta el acoplamiento y se mide la vibración."
Carboeléctrica Costa Brava,2024-02-10,falla_electrica,29,"El operador reporta corriente de fuga elevada, se revisa el relé de protección y se reemplaza el relé y se recalibra."
Parque Solar Sol Naciente,2024-02-10,preventivo,5,"Evento por el ajuste de rutina en el grupo hidráulico, se cambian filtros y se registra la lectura."
Termoeléctrica Puerto Sur,2024-02-12,falla_mecanica,92,"Se detecta vibración fuera de norma en el sello del descanso, se ajusta el acoplamiento y se mide la vibración."
Diésel Respaldo Cordillera,2024-02-14,correctivo,40,"Evento por la orden de trabajo pendiente en la unidad detenida, se normaliza y se informa al despacho."
Parque Solar Sol Naciente,2024-02-14,preventivo,12,"Se detecta la mantención programada en los filtros de aire, se cambian filtros y se registra la lectura."
Carboeléctrica Roca Gris,2024-02-15,correctivo,23,"Evento por la intervención de emergencia en el componente dañado, se repara y se devuelve a servicio."
Termoeléctrica Puerto Sur,2024-02-15,falla_electrica,4,"Evento por corriente de fuga elevada en el interruptor principal, se reconecta el interruptor tras verificar la aislación."
Central Aguas Claras,2024-02-16,falla_mecanica,23,"Evento por pérdida de aceite en la caja multiplicadora, se rellena y se purga el circuito de aceite."
Central Aguas Claras,2024-02-16,falla_electrica,12,"El operador reporta sobretensión sostenida, se revisa el transformador de poder y se aísla el circuito y se normaliza la tensión."
Carboeléctrica Costa Brava,2024-02-18,preventivo,22,"Evento por el ajuste de rutina en los filtros de aire, se completa la pauta sin observaciones."
Carboeléctrica Roca Gris,2024-02-18,preventivo,17,"Se detecta el cambio de filtros en el grupo hidráulico, se cambian filtros y se registra la lectura."
Central Aguas Claras,2024-02-19,correctivo,23,"Se detecta la orden de trabajo pendiente en la unidad detenida, se repara y se devuelve a servicio."
Termoeléctrica Bahía Norte,2024-02-19,preventivo,8,"Se detecta el cambio de filtros en el sistema de refrigeración, se completa la pauta sin observaciones."
Termoeléctrica Puerto Sur,2024-02-21,falla_electrica,9,"Se detecta corriente de fuga elevada en el aislador de línea, se reemplaza el relé y se recalibra."
Parque Solar Pampa Alta,2024-02-22,falla_electrica,7,"Evento por sobretensión sostenida en el relé de protección, se aísla el circuito y se normaliza la tensión."
Parque Solar Pampa Alta,2024-02-22,correctivo,62,Se registra la intervención de emergencia sobre el equipo afectado.
Central Aguas Claras,2024-02-23,falla_mecanica,68,"Evento por pérdida de aceite en la caja multiplicadora, se reemplaza el rodamiento y se alinea el eje."
Termoeléctrica Valle Central,2024-02-23,correctivo,67,Se registra la orden de trabajo pendiente sobre el módulo de potencia.
Central Aguas Claras,2024-02-24,correctivo,23,"El operador reporta la intervención de emergencia, se revisa el módulo de potencia y se normaliza y se informa al despacho."
Termoeléctrica Puerto Sur,2024-02-24,correctivo,69,Se registra la intervención de emergencia sobre la sección fuera de servicio.
Parque Solar Sol Naciente,2024-02-25,correctivo,15,Se registra el levantamiento de la indisponibilidad sobre el equipo afectado.
Eólica Loma Fría,2024-02-26,inspeccion,2,Se registra el chequeo de seguridad sobre el conjunto de medida.
Parque Solar Quebrada Honda,2024-02-26,inspeccion,6,"Evento por la lectura de instrumentos en el conjunto de medida, se deja constancia sin hallazgos."
Parque Solar Altiplano,2024-02-27,evento_climatico,15,"El operador reporta lluvia intensa con anegamiento, se revisa el camino de acceso y se inspecciona la estructura y se despeja la faja."
Central Salto Verde,2024-02-28,preventivo,5,"Se detecta el cambio de filtros en el tablero de control, se reaprietan las conexiones y se sella."
Eólica Cerro Negro,2024-02-28,inspeccion,7,Se registra el chequeo de seguridad sobre la señalética del área.
Parque Solar Sol Naciente,2024-02-28,falla_mecanica,81,"Evento por temperatura elevada en el descanso en el sello del descanso, se reemplaza el rodamiento y se alinea el eje."
Termoeléctrica Puerto Sur,2024-02-28,inspeccion,1,Se registra la verificación visual sobre el estado de los accesos.
Termoeléctrica Valle Central,2024-02-28,preventivo,19,Se registra la mantención programada sobre el grupo hidráulico.
Eólica Campo Abierto,2024-02-29,falla_electrica,14,"El operador reporta sobretensión sostenida, se revisa el interruptor principal y se reemplaza el relé y se recalibra."
Eólica Campo Abierto,2024-02-29,correctivo,25,"El operador reporta el levantamiento de la indisponibilidad, se revisa el componente dañado y se reemplaza la pieza y se prueba en vacío."
Eólica Loma Fría,2024-02-29,inspeccion,6,Se registra la ronda de rutina sobre el registro de alarmas.
Parque Solar Quebrada Honda,2024-02-29,preventivo,18,Se registra el ajuste de rutina sobre el tablero de control.
Central Aguas Claras,2024-03-01,preventivo,9,"Evento por la lubricación periódica en las conexiones de fuerza, se completa la pauta sin observaciones."
Parque Solar Quebrada Honda,2024-03-02,correctivo,33,Se registra la orden de trabajo pendiente sobre la unidad detenida.
Central Aguas Claras,2024-03-04,inspeccion,6,"Se detecta el chequeo de seguridad en el estado de los accesos, se deja constancia sin hallazgos."
Parque Solar Quebrada Honda,2024-03-05,preventivo,17,"El operador reporta el cambio de filtros, se revisa el tablero de control y se reaprietan las conexiones y se sella."
Termoeléctrica Puerto Sur,2024-03-05,preventivo,10,"El operador reporta el cambio de filtros, se revisa el tablero de control y se reaprietan las conexiones y se sella."
Central Vega Azul,2024-03-06,falla_mecanica,19,"Evento por ruido anormal en la caja multiplicadora, se rellena y se purga el circuito de aceite."
Central Río Manso Alto,2024-03-07,preventivo,8,"Evento por la mantención programada en el grupo hidráulico, se completa la pauta sin observaciones."
Eólica Loma Fría,2024-03-08,evento_climatico,10,Se registra una descarga atmosférica cercana sobre el camino de acceso.
Eólica Loma Fría,2024-03-09,evento_climatico,29,"El operador reporta una descarga atmosférica cercana, se revisa el camino de acceso y se drena el sector y se revisa la puesta a tierra."
Eólica Loma Fría,2024-03-09,falla_mecanica,27,"Evento por vibración fuera de norma en el acoplamiento, se ajusta el acoplamiento y se mide la vibración."
Eólica Punta Ventosa,2024-03-09,preventivo,14,"Se detecta el cambio de filtros en las conexiones de fuerza, se completa la pauta sin observaciones."
Termoeléctrica Valle Central,2024-03-09,preventivo,18,"Se detecta el ajuste de rutina en el tablero de control, se cambian filtros y se registra la lectura."
Carboeléctrica Roca Gris,2024-03-10,falla_electrica,26,"Se detecta sobretensión sostenida en el aislador de línea, se reconecta el interruptor tras verificar la aislación."
Eólica Punta Ventosa,2024-03-11,evento_climatico,27,"Se detecta viento sobre lo previsto en el patio de alta tensión, se drena el sector y se revisa la puesta a tierra."
Eólica Punta Ventosa,2024-03-11,falla_mecanica,15,"El operador reporta ruido anormal, se revisa el sello del descanso y se reemplaza el rodamiento y se alinea el eje."
Parque Solar Sol Naciente,2024-03-11,correctivo,42,"El operador reporta la intervención de emergencia, se revisa la unidad detenida y se normaliza y se informa al despacho."
Carboeléctrica Costa Brava,2024-03-12,inspeccion,8,"Se detecta la ronda de rutina en el conjunto de medida, se programa revisión de detalle."
Parque Solar Altiplano,2024-03-14,inspeccion,5,Se registra la ronda de rutina sobre el registro de alarmas.
Central Aguas Claras,2024-03-17,preventivo,14,Se registra el ajuste de rutina sobre el grupo hidráulico.
Central Río Manso Alto,2024-03-17,correctivo,29,"El operador reporta la orden de trabajo pendiente, se revisa el componente dañado y se reemplaza la pieza y se prueba en vacío."
Eólica Loma Fría,2024-03-17,evento_climatico,13,Se registra una descarga atmosférica cercana sobre la línea de evacuación.
Parque Solar Sol Naciente,2024-03-17,preventivo,24,Se registra la mantención programada sobre el tablero de control.
Termoeléctrica Bahía Norte,2024-03-17,falla_mecanica,16,"Evento por temperatura elevada en el descanso en la bomba de lubricación, se ajusta el acoplamiento y se mide la vibración."
Termoeléctrica Valle Central,2024-03-17,preventivo,20,"El operador reporta la lubricación periódica, se revisa el sistema de refrigeración y se cambian filtros y se registra la lectura."
Parque Solar Altiplano,2024-03-19,falla_electrica,11,"El operador reporta el disparo de la protección diferencial, se revisa el aislador de línea y se aísla el circuito y se normaliza la tensión."
Termoeléctrica Bahía Norte,2024-03-20,falla_electrica,48,"El operador reporta un cortocircuito monofásico, se revisa el relé de protección y se reemplaza el relé y se recalibra."
Termoeléctrica Bahía Norte,2024-03-20,correctivo,64,"Evento por la intervención de emergencia en la sección fuera de servicio, se repara y se devuelve a servicio."
Carboeléctrica Roca Gris,2024-03-21,correctivo,55,"El operador reporta el levantamiento de la indisponibilidad, se revisa el equipo afectado y se reemplaza la pieza y se prueba en vacío."
Central Salto Verde,2024-03-21,preventivo,13,"Se detecta el ajuste de rutina en el tablero de control, se completa la pauta sin observaciones."
Eólica Campo Abierto,2024-03-21,inspeccion,4,"El operador reporta la lectura de instrumentos, se revisa los niveles de aceite y se programa revisión de detalle."
Central Tres Saltos,2024-03-22,correctivo,25,"El operador reporta el levantamiento de la indisponibilidad, se revisa la unidad detenida y se normaliza y se informa al despacho."
Eólica Campo Abierto,2024-03-22,evento_climatico,32,"Se detecta viento sobre lo previsto en el patio de alta tensión, se repone el servicio al amainar."
Eólica Campo Abierto,2024-03-22,falla_mecanica,75,"El operador reporta temperatura elevada en el descanso, se revisa la bomba de lubricación y se rellena y se purga el circuito de aceite."
Parque Solar Sol Naciente,2024-03-23,falla_electrica,10,"Se detecta corriente de fuga elevada en la barra de media tensión, se reconecta el interruptor tras verificar la aislación."
Parque Solar Sol Naciente,2024-03-23,correctivo,23,Se registra la reparación de la falla del turno anterior sobre el equipo afectado.
Carboeléctrica Costa Brava,2024-03-24,correctivo,9,Se registra la reparación de la falla del turno anterior sobre la sección fuera de servicio.
Carboeléctrica Roca Gris,2024-03-25,preventivo,6,"Evento por la mantención programada en el grupo hidráulico, se reaprietan las conexiones y se sella."
Central Vega Azul,2024-03-25,falla_electrica,8,Se registra corriente de fuga elevada sobre el relé de protección.
Parque Solar Pampa Alta,2024-03-25,preventivo,8,"Evento por el ajuste de rutina en el sistema de refrigeración, se completa la pauta sin observaciones."
Central Aguas Claras,2024-03-26,evento_climatico,33,"El operador reporta viento sobre lo previsto, se revisa la línea de evacuación y se repone el servicio al amainar."
Central Vega Azul,2024-03-26,correctivo,57,"Evento por el levantamiento de la indisponibilidad en la unidad detenida, se repara y se devuelve a servicio."
Termoeléctrica Puerto Sur,2024-03-26,preventivo,22,"Se detecta la mantención programada en las conexiones de fuerza, se reaprietan las conexiones y se sella."
Carboeléctrica Roca Gris,2024-03-27,falla_mecanica,92,"El operador reporta temperatura elevada en el descanso, se revisa la caja multiplicadora y se ajusta el acoplamiento y se mide la vibración."
Central Tres Saltos,2024-03-30,preventivo,23,"El operador reporta la mantención programada, se revisa las conexiones de fuerza y se reaprietan las conexiones y se sella."
Eólica Cerro Negro,2024-03-30,inspeccion,5,"Evento por la lectura de instrumentos en el registro de alarmas, se deja constancia sin hallazgos."
Parque Solar Llano Seco,2024-04-01,preventivo,10,"El operador reporta el cambio de filtros, se revisa las conexiones de fuerza y se completa la pauta sin observaciones."
Parque Solar Quebrada Honda,2024-04-02,inspeccion,1,"Se detecta la ronda de rutina en el conjunto de medida, se anota una observación menor."
Parque Solar Llano Seco,2024-04-03,falla_electrica,8,"Se detecta un cortocircuito monofásico en el relé de protección, se aísla el circuito y se normaliza la tensión."
Parque Solar Quebrada Honda,2024-04-04,falla_electrica,18,"El operador reporta corriente de fuga elevada, se revisa el aislador de línea y se aísla el circuito y se normaliza la tensión."
Central Tres Saltos,2024-04-05,falla_electrica,43,"Se detecta sobretensión sostenida en el transformador de poder, se aísla el circuito y se normaliza la tensión."
Eólica Campo Abierto,2024-04-05,correctivo,50,"Se detecta la intervención de emergencia en la unidad detenida, se repara y se devuelve a servicio."
Parque Solar Altiplano,2024-04-06,correctivo,52,"El operador reporta la reparación de la falla del turno anterior, se revisa la sección fuera de servicio y se normaliza y se informa al despacho."
Parque Solar Llano Seco,2024-04-06,correctivo,60,"Evento por la intervención de emergencia en la sección fuera de servicio, se normaliza y se informa al despacho."
Parque Solar Quebrada Honda,2024-04-06,correctivo,28,"Evento por la reparación de la falla del turno anterior en la sección fuera de servicio, se normaliza y se informa al despacho."
Central Tres Saltos,2024-04-07,correctivo,39,"El operador reporta el levantamiento de la indisponibilidad, se revisa el equipo afectado y se normaliza y se informa al despacho."
Diésel Respaldo Cordillera,2024-04-08,falla_electrica,32,"Evento por el disparo de la protección diferencial en el aislador de línea, se aísla el circuito y se normaliza la tensión."
Central Tres Saltos,2024-04-09,evento_climatico,25,"El operador reporta acumulación de nieve, se revisa la línea de evacuación y se repone el servicio al amainar."
Central Tres Saltos,2024-04-09,falla_mecanica,8,"Evento por vibración fuera de norma en el rodamiento del eje, se ajusta el acoplamiento y se mide la vibración."
Eólica Campo Abierto,2024-04-09,preventivo,24,Se registra la mantención programada sobre el grupo hidráulico.
Eólica Cerro Negro,2024-04-09,preventivo,4,"Se detecta el ajuste de rutina en las conexiones de fuerza, se completa la pauta sin observaciones."
Central Tres Saltos,2024-04-11,preventivo,22,Se registra la lubricación periódica sobre las conexiones de fuerza.
Eólica Punta Ventosa,2024-04-12,correctivo,29,"Se detecta el levantamiento de la indisponibilidad en el componente dañado, se reemplaza la pieza y se prueba en vacío."
Central Tres Saltos,2024-04-13,falla_electrica,32,"Evento por corriente de fuga elevada en el interruptor principal, se reconecta el interruptor tras verificar la aislación."
Parque Solar Altiplano,2024-04-13,preventivo,19,"Se detecta el cambio de filtros en el grupo hidráulico, se completa la pauta sin observaciones."
Central Vega Azul,2024-04-14,correctivo,50,"El operador reporta la orden de trabajo pendiente, se revisa el equipo afectado y se repara y se devuelve a servicio."
Central Vega Azul,2024-04-14,correctivo,24,"El operador reporta la orden de trabajo pendiente, se revisa el componente dañado y se normaliza y se informa al despacho."
Termoeléctrica Puerto Sur,2024-04-14,preventivo,23,"El operador reporta la mantención programada, se revisa el sistema de refrigeración y se cambian filtros y se registra la lectura."
Central Río Manso Alto,2024-04-15,preventivo,12,"El operador reporta la mantención programada, se revisa el sistema de refrigeración y se reaprietan las conexiones y se sella."
Eólica Campo Abierto,2024-04-16,preventivo,20,Se registra el ajuste de rutina sobre el tablero de control.
Eólica Punta Ventosa,2024-04-16,falla_mecanica,54,Se registra pérdida de aceite sobre el rodamiento del eje.
Central Vega Azul,2024-04-18,preventivo,17,"El operador reporta la lubricación periódica, se revisa las conexiones de fuerza y se completa la pauta sin observaciones."
Central Salto Verde,2024-04-19,falla_mecanica,37,"El operador reporta vibración fuera de norma, se revisa el rodamiento del eje y se reemplaza el rodamiento y se alinea el eje."
Parque Solar Llano Seco,2024-04-19,inspeccion,2,"Se detecta el chequeo de seguridad en el estado de los accesos, se anota una observación menor."
Central Río Manso Alto,2024-04-20,falla_electrica,24,"Evento por el disparo de la protección diferencial en el aislador de línea, se aísla el circuito y se normaliza la tensión."
Parque Solar Pampa Alta,2024-04-20,preventivo,24,"El operador reporta el cambio de filtros, se revisa el tablero de control y se reaprietan las conexiones y se sella."
Central Río Manso Alto,2024-04-21,falla_electrica,27,"El operador reporta sobretensión sostenida, se revisa el aislador de línea y se aísla el circuito y se normaliza la tensión."
Parque Solar Sol Naciente,2024-04-21,falla_mecanica,62,"Se detecta temperatura elevada en el descanso en la caja multiplicadora, se ajusta el acoplamiento y se mide la vibración."
Termoeléctrica Puerto Sur,2024-04-22,preventivo,24,"El operador reporta la lubricación periódica, se revisa los filtros de aire y se completa la pauta sin observaciones."
Central Río Manso Alto,2024-04-23,correctivo,26,"Evento por la reparación de la falla del turno anterior en la sección fuera de servicio, se reemplaza la pieza y se prueba en vacío."
Parque Solar Sol Naciente,2024-04-23,inspeccion,2,"Se detecta la ronda de rutina en el conjunto de medida, se anota una observación menor."
Termoeléctrica Puerto Sur,2024-04-23,preventivo,19,"Se detecta el ajuste de rutina en las conexiones de fuerza, se completa la pauta sin observaciones."
Diésel Respaldo Cordillera,2024-04-24,correctivo,34,"Evento por el levantamiento de la indisponibilidad en el componente dañado, se repara y se devuelve a servicio."
Eólica Campo Abierto,2024-04-24,falla_mecanica,79,Se registra pérdida de aceite sobre la caja multiplicadora.
Carboeléctrica Costa Brava,2024-04-25,preventivo,9,"Se detecta la mantención programada en el tablero de control, se completa la pauta sin observaciones."
Diésel Respaldo Cordillera,2024-04-26,correctivo,42,"El operador reporta la reparación de la falla del turno anterior, se revisa la sección fuera de servicio y se repara y se devuelve a servicio."
Parque Solar Pampa Alta,2024-04-26,evento_climatico,5,Se registra viento sobre lo previsto sobre el patio de alta tensión.
Eólica Cerro Negro,2024-04-27,correctivo,40,"Evento por la reparación de la falla del turno anterior en la unidad detenida, se normaliza y se informa al despacho."
Eólica Cerro Negro,2024-04-27,evento_climatico,29,"Se detecta viento sobre lo previsto en el camino de acceso, se repone el servicio al amainar."
Parque Solar Llano Seco,2024-04-27,preventivo,24,"Se detecta el cambio de filtros en el grupo hidráulico, se completa la pauta sin observaciones."
Parque Solar Sol Naciente,2024-04-27,preventivo,7,Se registra el cambio de filtros sobre las conexiones de fuerza.
Carboeléctrica Roca Gris,2024-04-28,falla_mecanica,70,"El operador reporta temperatura elevada en el descanso, se revisa el rodamiento del eje y se rellena y se purga el circuito de aceite."
Central Río Manso Alto,2024-04-28,preventivo,9,"El operador reporta la mantención programada, se revisa el grupo hidráulico y se completa la pauta sin observaciones."
Parque Solar Pampa Alta,2024-04-28,inspeccion,2,"El operador reporta la ronda de rutina, se revisa el estado de los accesos y se deja constancia sin hallazgos."
Eólica Campo Abierto,2024-04-29,inspeccion,6,"Se detecta el chequeo de seguridad en el registro de alarmas, se anota una observación menor."
Central Vega Azul,2024-04-30,evento_climatico,14,Se registra una descarga atmosférica cercana sobre el pararrayos del patio.
Central Vega Azul,2024-04-30,falla_mecanica,44,Se registra pérdida de aceite sobre el sello del descanso.
Termoeléctrica Valle Central,2024-04-30,correctivo,18,Se registra el levantamiento de la indisponibilidad sobre el módulo de potencia.
Eólica Punta Ventosa,2024-05-02,evento_climatico,24,Se registra una descarga atmosférica cercana sobre el pararrayos del patio.
Eólica Punta Ventosa,2024-05-02,falla_mecanica,17,Se registra ruido anormal sobre la caja multiplicadora.
Central Río Manso Alto,2024-05-03,correctivo,50,Se registra el levantamiento de la indisponibilidad sobre la unidad detenida.
Central Río Manso Alto,2024-05-03,preventivo,7,"Evento por la lubricación periódica en las conexiones de fuerza, se reaprietan las conexiones y se sella."
Eólica Cerro Negro,2024-05-03,falla_mecanica,11,"Se detecta ruido anormal en el sello del descanso, se rellena y se purga el circuito de aceite."
Eólica Punta Ventosa,2024-05-03,evento_climatico,10,"El operador reporta una descarga atmosférica cercana, se revisa la línea de evacuación y se inspecciona la estructura y se despeja la faja."
Carboeléctrica Roca Gris,2024-05-04,preventivo,8,"El operador reporta la mantención programada, se revisa el grupo hidráulico y se reaprietan las conexiones y se sella."
Eólica Punta Ventosa,2024-05-04,falla_mecanica,27,"Evento por ruido anormal en el sello del descanso, se reemplaza el rodamiento y se alinea el eje."
Carboeléctrica Costa Brava,2024-05-06,correctivo,28,"El operador reporta la orden de trabajo pendiente, se revisa la unidad detenida y se normaliza y se informa al despacho."
Parque Solar Llano Seco,2024-05-07,inspeccion,6,"Evento por la ronda de rutina en la señalética del área, se anota una observación menor."
Eólica Punta Ventosa,2024-05-08,preventivo,21,"Evento por la lubricación periódica en las conexiones de fuerza, se completa la pauta sin observaciones."
Parque Solar Quebrada Honda,2024-05-08,inspeccion,1,"El operador reporta la ronda de rutina, se revisa el conjunto de medida y se deja constancia sin hallazgos."
Central Río Manso Alto,2024-05-09,preventivo,17,Se registra el ajuste de rutina sobre las conexiones de fuerza.
Central Río Manso Alto,2024-05-09,correctivo,55,"Evento por la reparación de la falla del turno anterior en el equipo afectado, se repara y se devuelve a servicio."
Eólica Cerro Negro,2024-05-09,evento_climatico,13,"Se detecta acumulación de nieve en el pararrayos del patio, se inspecciona la estructura y se despeja la faja."
Eólica Loma Fría,2024-05-09,evento_climatico,35,Se registra una descarga atmosférica cercana sobre la línea de evacuación.
Eólica Loma Fría,2024-05-09,falla_mecanica,61,Se registra ruido anormal sobre el sello del descanso.
Parque Solar Pampa Alta,2024-05-09,inspeccion,8,"Evento por la ronda de rutina en los niveles de aceite, se programa revisión de detalle."
Parque Solar Quebrada Honda,2024-05-09,preventivo,22,"El operador reporta el ajuste de rutina, se revisa el grupo hidráulico y se completa la pauta sin observaciones."
Central Tres Saltos,2024-05-10,inspeccion,5,"El operador reporta la lectura de instrumentos, se revisa el registro de alarmas y se programa revisión de detalle."
Eólica Campo Abierto,2024-05-10,inspeccion,1,"El operador reporta la verificación visual, se revisa el estado de los accesos y se deja constancia sin hallazgos."
Eólica Loma Fría,2024-05-11,evento_climatico,28,"El operador reporta lluvia intensa con anegamiento, se revisa la estructura de la torre y se drena el sector y se revisa la puesta a tierra."
Termoeléctrica Puerto Sur,2024-05-11,preventivo,12,"Evento por la lubricación periódica en el sistema de refrigeración, se completa la pauta sin observaciones."
Central Vega Azul,2024-05-13,correctivo,64,"Se detecta la orden de trabajo pendiente en el componente dañado, se repara y se devuelve a servicio."
Eólica Cerro Negro,2024-05-13,evento_climatico,35,Se registra viento sobre lo previsto sobre el camino de acceso.
Eólica Cerro Negro,2024-05-13,falla_mecanica,54,"Se detecta pérdida de aceite en el rodamiento del eje, se rellena y se purga el circuito de aceite."
Eólica Loma Fría,2024-05-13,evento_climatico,34,"Se detecta acumulación de nieve en el pararrayos del patio, se inspecciona la estructura y se despeja la faja."
Eólica Loma Fría,2024-05-13,falla_mecanica,93,"Se detecta temperatura elevada en el descanso en la caja multiplicadora, se reemplaza el rodamiento y se alinea el eje."
Parque Solar Pampa Alta,2024-05-13,inspeccion,3,Se registra el chequeo de seguridad sobre el registro de alarmas.
Termoeléctrica Puerto Sur,2024-05-15,correctivo,21,"El operador reporta la intervención de emergencia, se revisa la unidad detenida y se repara y se devuelve a servicio."
Eólica Campo Abierto,2024-05-16,inspeccion,2,"Evento por el chequeo de seguridad en el conjunto de medida, se programa revisión de detalle."
Eólica Cerro Negro,2024-05-16,evento_climatico,4,"Se detecta una descarga atmosférica cercana en la estructura de la torre, se drena el sector y se revisa la puesta a tierra."
Eólica Cerro Negro,2024-05-16,evento_climatico,29,"El operador reporta lluvia intensa con anegamiento, se revisa el pararrayos del patio y se repone el servicio al amainar."
Eólica Cerro Negro,2024-05-16,falla_mecanica,47,"El operador reporta ruido anormal, se revisa la bomba de lubricación y se reemplaza el rodamiento y se alinea el eje."
Termoeléctrica Puerto Sur,2024-05-16,correctivo,42,"Evento por la intervención de emergencia en el componente dañado, se repara y se devuelve a servicio."
Central Vega Azul,2024-05-17,falla_mecanica,10,"Se detecta vibración fuera de norma en el rodamiento del eje, se rellena y se purga el circuito de aceite."
Eólica Cerro Negro,2024-05-17,evento_climatico,28,"Se detecta lluvia intensa con anegamiento en el patio de alta tensión, se inspecciona la estructura y se despeja la faja."
Central Salto Verde,2024-05-18,falla_mecanica,12,"Se detecta pérdida de aceite en la caja multiplicadora, se reemplaza el rodamiento y se alinea el eje."
Carboeléctrica Costa Brava,2024-05-19,evento_climatico,26,Se registra una descarga atmosférica cercana sobre el camino de acceso.
Eólica Punta Ventosa,2024-05-20,preventivo,13,"Evento por el cambio de filtros en los filtros de aire, se completa la pauta sin observaciones."
Eólica Punta Ventosa,2024-05-20,evento_climatico,23,Se registra viento sobre lo previsto sobre la línea de evacuación.
Parque Solar Altiplano,2024-05-21,preventivo,9,"Se detecta el cambio de filtros en los filtros de aire, se cambian filtros y se registra la lectura."
Termoeléctrica Bahía Norte,2024-05-21,correctivo,32,"Se detecta la intervención de emergencia en el equipo afectado, se repara y se devuelve a servicio."
Eólica Loma Fría,2024-05-22,preventivo,19,Se registra la lubricación periódica sobre el sistema de refrigeración.
Parque Solar Pampa Alta,2024-05-22,preventivo,11,"Evento por la lubricación periódica en el tablero de control, se cambian filtros y se registra la lectura."
Central Río Manso Alto,2024-05-23,correctivo,55,"El operador reporta la orden de trabajo pendiente, se revisa el equipo afectado y se repara y se devuelve a servicio."
Eólica Campo Abierto,2024-05-23,inspeccion,1,"Se detecta la lectura de instrumentos en los niveles de aceite, se anota una observación menor."
Eólica Loma Fría,2024-05-25,falla_electrica,26,"Se detecta sobretensión sostenida en la barra de media tensión, se reconecta el interruptor tras verificar la aislación."
Eólica Punta Ventosa,2024-05-25,evento_climatico,28,"Evento por acumulación de nieve en la estructura de la torre, se inspecciona la estructura y se despeja la faja."
Eólica Punta Ventosa,2024-05-25,falla_mecanica,35,Se registra pérdida de aceite sobre la bomba de lubricación.
Termoeléctrica Valle Central,2024-05-25,falla_mecanica,10,"Evento por pérdida de aceite en el rodamiento del eje, se ajusta el acoplamiento y se mide la vibración."
Central Vega Azul,2024-05-27,evento_climatico,32,Se registra viento sobre lo previsto sobre el patio de alta tensión.
Eólica Loma Fría,2024-05-27,correctivo,34,"Evento por la orden de trabajo pendiente en el equipo afectado, se repara y se devuelve a servicio."
Central Aguas Claras,2024-05-28,inspeccion,8,Se registra la verificación visual sobre los niveles de aceite.
Diésel Respaldo Cordillera,2024-05-28,falla_electrica,7,"Evento por corriente de fuga elevada en el relé de protección, se reconecta el interruptor tras verificar la aislación."
Termoeléctrica Puerto Sur,2024-05-28,correctivo,13,Se registra la orden de trabajo pendiente sobre la unidad detenida.
Central Vega Azul,2024-05-29,falla_electrica,44,"Se detecta corriente de fuga elevada en el aislador de línea, se reemplaza el relé y se recalibra."
Diésel Respaldo Cordillera,2024-05-29,correctivo,67,"Evento por la reparación de la falla del turno anterior en el equipo afectado, se normaliza y se informa al despacho."
Eólica Campo Abierto,2024-05-29,evento_climatico,10,Se registra acumulación de nieve sobre el patio de alta tensión.
Eólica Campo Abierto,2024-05-29,falla_mecanica,59,"El operador reporta pérdida de aceite, se revisa el acoplamiento y se ajusta el acoplamiento y se mide la vibración."
Parque Solar Llano Seco,2024-05-29,preventivo,18,"El operador reporta el ajuste de rutina, se revisa el sistema de refrigeración y se completa la pauta sin observaciones."
Central Vega Azul,2024-05-30,correctivo,52,"Evento por la intervención de emergencia en la sección fuera de servicio, se reemplaza la pieza y se prueba en vacío."
Eólica Cerro Negro,2024-06-01,falla_mecanica,8,Se registra temperatura elevada en el descanso sobre el rodamiento del eje.
Termoeléctrica Bahía Norte,2024-06-01,evento_climatico,9,"El operador reporta acumulación de nieve, se revisa la estructura de la torre y se repone el servicio al amainar."
Termoeléctrica Puerto Sur,2024-06-01,preventivo,24,"Evento por el ajuste de rutina en el grupo hidráulico, se cambian filtros y se registra la lectura."
Carboeléctrica Roca Gris,2024-06-03,falla_mecanica,62,"Evento por temperatura elevada en el descanso en la caja multiplicadora, se ajusta el acoplamiento y se mide la vibración."
Diésel Respaldo Cordillera,2024-06-03,correctivo,18,"El operador reporta la orden de trabajo pendiente, se revisa la sección fuera de servicio y se normaliza y se informa al despacho."
Parque Solar Pampa Alta,2024-06-03,preventivo,24,"Se detecta la lubricación periódica en las conexiones de fuerza, se reaprietan las conexiones y se sella."
Eólica Punta Ventosa,2024-06-04,inspeccion,3,Se registra el chequeo de seguridad sobre la señalética del área.
Eólica Punta Ventosa,2024-06-04,evento_climatico,4,"El operador reporta acumulación de nieve, se revisa el camino de acceso y se repone el servicio al amainar."
Eólica Punta Ventosa,2024-06-04,falla_mecanica,29,"Se detecta vibración fuera de norma en el acoplamiento, se ajusta el acoplamiento y se mide la vibración."
Eólica Campo Abierto,2024-06-05,inspeccion,2,Se registra la ronda de rutina sobre la señalética del área.
Parque Solar Altiplano,2024-06-05,inspeccion,7,"El operador reporta la ronda de rutina, se revisa la señalética del área y se deja constancia sin hallazgos."
Termoeléctrica Puerto Sur,2024-06-05,preventivo,14,"Se detecta la lubricación periódica en las conexiones de fuerza, se reaprietan las conexiones y se sella."
Termoeléctrica Valle Central,2024-06-06,falla_electrica,36,"El operador reporta un cortocircuito monofásico, se revisa el transformador de poder y se aísla el circuito y se normaliza la tensión."
Carboeléctrica Costa Brava,2024-06-07,correctivo,7,"Evento por la orden de trabajo pendiente en el equipo afectado, se repara y se devuelve a servicio."
Eólica Campo Abierto,2024-06-08,evento_climatico,27,"Se detecta lluvia intensa con anegamiento en la estructura de la torre, se inspecciona la estructura y se despeja la faja."
Termoeléctrica Bahía Norte,2024-06-08,correctivo,45,"El operador reporta la orden de trabajo pendiente, se revisa la unidad detenida y se reemplaza la pieza y se prueba en vacío."
Central Tres Saltos,2024-06-09,preventivo,5,Se registra el cambio de filtros sobre los filtros de aire.
Eólica Loma Fría,2024-06-09,evento_climatico,5,"El operador reporta acumulación de nieve, se revisa la línea de evacuación y se inspecciona la estructura y se despeja la faja."
Eólica Loma Fría,2024-06-09,falla_mecanica,54,"Evento por temperatura elevada en el descanso en la caja multiplicadora, se ajusta el acoplamiento y se mide la vibración."
Termoeléctrica Valle Central,2024-06-09,correctivo,64,"Evento por la orden de trabajo pendiente en el componente dañado, se reemplaza la pieza y se prueba en vacío."
Central Aguas Claras,2024-06-12,preventivo,20,Se registra el cambio de filtros sobre las conexiones de fuerza.
Parque Solar Pampa Alta,2024-06-12,preventivo,21,"Se detecta la mantención programada en el sistema de refrigeración, se reaprietan las conexiones y se sella."
Parque Solar Sol Naciente,2024-06-12,preventivo,6,"Evento por el ajuste de rutina en el sistema de refrigeración, se reaprietan las conexiones y se sella."
Carboeléctrica Roca Gris,2024-06-13,correctivo,51,"Se detecta la orden de trabajo pendiente en el equipo afectado, se normaliza y se informa al despacho."
Termoeléctrica Puerto Sur,2024-06-17,falla_electrica,41,"Evento por sobretensión sostenida en la barra de media tensión, se reemplaza el relé y se recalibra."
Central Río Manso Alto,2024-06-18,preventivo,10,Se registra la mantención programada sobre las conexiones de fuerza.
Eólica Campo Abierto,2024-06-19,inspeccion,3,"Evento por la lectura de instrumentos en los niveles de aceite, se programa revisión de detalle."
Termoeléctrica Puerto Sur,2024-06-19,correctivo,55,"Evento por el levantamiento de la indisponibilidad en el equipo afectado, se reemplaza la pieza y se prueba en vacío."
Termoeléctrica Valle Central,2024-06-20,preventivo,24,Se registra el cambio de filtros sobre el sistema de refrigeración.
Eólica Loma Fría,2024-06-21,preventivo,12,"El operador reporta el cambio de filtros, se revisa las conexiones de fuerza y se cambian filtros y se registra la lectura."
Parque Solar Altiplano,2024-06-21,preventivo,4,"Se detecta el cambio de filtros en el grupo hidráulico, se completa la pauta sin observaciones."
Carboeléctrica Costa Brava,2024-06-22,falla_mecanica,35,Se registra ruido anormal sobre la caja multiplicadora.
Central Salto Verde,2024-06-22,preventivo,18,"Se detecta la mantención programada en el sistema de refrigeración, se completa la pauta sin observaciones."
Parque Solar Llano Seco,2024-06-22,preventivo,6,"El operador reporta la mantención programada, se revisa los filtros de aire y se cambian filtros y se registra la lectura."
Parque Solar Quebrada Honda,2024-06-23,preventivo,24,"El operador reporta la lubricación periódica, se revisa los filtros de aire y se reaprietan las conexiones y se sella."
Parque Solar Pampa Alta,2024-06-25,inspeccion,4,"El operador reporta la verificación visual, se revisa el estado de los accesos y se programa revisión de detalle."
Termoeléctrica Bahía Norte,2024-06-25,inspeccion,7,"Se detecta la lectura de instrumentos en la señalética del área, se programa revisión de detalle."
Central Río Manso Alto,2024-06-27,preventivo,9,"Se detecta el cambio de filtros en el grupo hidráulico, se completa la pauta sin observaciones."
Diésel Respaldo Cordillera,2024-06-27,falla_mecanica,31,"El operador reporta pérdida de aceite, se revisa la caja multiplicadora y se ajusta el acoplamiento y se mide la vibración."
Central Tres Saltos,2024-06-28,inspeccion,8,Se registra la verificación visual sobre el registro de alarmas.
Central Salto Verde,2024-06-29,preventivo,4,"Evento por la lubricación periódica en las conexiones de fuerza, se cambian filtros y se registra la lectura."
Central Tres Saltos,2024-06-29,preventivo,13,"Evento por el cambio de filtros en los filtros de aire, se cambian filtros y se registra la lectura."
Parque Solar Altiplano,2024-06-29,falla_electrica,32,"Evento por el disparo de la protección diferencial en el interruptor principal, se aísla el circuito y se normaliza la tensión."
Carboeléctrica Costa Brava,2024-07-01,correctivo,58,Se registra la intervención de emergencia sobre la sección fuera de servicio.
Carboeléctrica Roca Gris,2024-07-01,preventivo,24,Se registra la mantención programada sobre el tablero de control.
Termoeléctrica Puerto Sur,2024-07-01,preventivo,18,"Se detecta el cambio de filtros en el grupo hidráulico, se cambian filtros y se registra la lectura."
Eólica Cerro Negro,2024-07-02,inspeccion,3,"El operador reporta el chequeo de seguridad, se revisa los niveles de aceite y se anota una observación menor."
Parque Solar Altiplano,2024-07-02,correctivo,13,"Evento por la orden de trabajo pendiente en el equipo afectado, se reemplaza la pieza y se prueba en vacío."
Parque Solar Sol Naciente,2024-07-02,correctivo,54,"Se detecta el levantamiento de la indisponibilidad en el componente dañado, se reemplaza la pieza y se prueba en vacío."
Parque Solar Sol Naciente,2024-07-02,preventivo,12,"Evento por la mantención programada en el sistema de refrigeración, se reaprietan las conexiones y se sella."
Eólica Cerro Negro,2024-07-03,evento_climatico,7,"El operador reporta acumulación de nieve, se revisa el pararrayos del patio y se inspecciona la estructura y se despeja la faja."
Carboeléctrica Roca Gris,2024-07-04,inspeccion,4,"Se detecta el chequeo de seguridad en la señalética del área, se programa revisión de detalle."
Eólica Campo Abierto,2024-07-04,evento_climatico,35,"Se detecta una descarga atmosférica cercana en el pararrayos del patio, se inspecciona la estructura y se despeja la faja."
Parque Solar Llano Seco,2024-07-04,evento_climatico,23,"El operador reporta lluvia intensa con anegamiento, se revisa el patio de alta tensión y se drena el sector y se revisa la puesta a tierra."
Parque Solar Llano Seco,2024-07-04,falla_mecanica,35,Se registra ruido anormal sobre la bomba de lubricación.
Eólica Cerro Negro,2024-07-07,preventivo,13,Se registra la lubricación periódica sobre los filtros de aire.
Eólica Cerro Negro,2024-07-08,falla_mecanica,44,Se registra pérdida de aceite sobre la bomba de lubricación.
Parque Solar Altiplano,2024-07-10,preventivo,24,"El operador reporta la lubricación periódica, se revisa las conexiones de fuerza y se cambian filtros y se registra la lectura."
Termoeléctrica Puerto Sur,2024-07-10,preventivo,11,"Evento por el ajuste de rutina en las conexiones de fuerza, se cambian filtros y se registra la lectura."
Carboeléctrica Roca Gris,2024-07-11,evento_climatico,36,"El operador reporta una descarga atmosférica cercana, se revisa la línea de evacuación y se inspecciona la estructura y se despeja la faja."
Parque Solar Sol Naciente,2024-07-11,evento_climatico,12,"Evento por una descarga atmosférica cercana en el camino de acceso, se inspecciona la estructura y se despeja la faja."
Central Aguas Claras,2024-07-13,inspeccion,3,"Evento por la lectura de instrumentos en los niveles de aceite, se deja constancia sin hallazgos."
Central Salto Verde,2024-07-13,falla_mecanica,54,"El operador reporta ruido anormal, se revisa la bomba de lubricación y se rellena y se purga el circuito de aceite."
Central Tres Saltos,2024-07-13,correctivo,59,Se registra el levantamiento de la indisponibilidad sobre el componente dañado.
Parque Solar Pampa Alta,2024-07-13,falla_electrica,19,"Se detecta el disparo de la protección diferencial en el interruptor principal, se aísla el circuito y se normaliza la tensión."
Diésel Respaldo Cordillera,2024-07-14,correctivo,17,"Se detecta el levantamiento de la indisponibilidad en la unidad detenida, se repara y se devuelve a servicio."
Diésel Respaldo Cordillera,2024-07-14,correctivo,35,"Evento por la reparación de la falla del turno anterior en el módulo de potencia, se reemplaza la pieza y se prueba en vacío."
Parque Solar Pampa Alta,2024-07-14,correctivo,17,"Evento por la orden de trabajo pendiente en el módulo de potencia, se normaliza y se informa al despacho."
Eólica Cerro Negro,2024-07-15,inspeccion,4,Se registra la verificación visual sobre el estado de los accesos.
Termoeléctrica Puerto Sur,2024-07-15,evento_climatico,7,"El operador reporta acumulación de nieve, se revisa el camino de acceso y se drena el sector y se revisa la puesta a tierra."
Termoeléctrica Valle Central,2024-07-16,evento_climatico,26,"El operador reporta acumulación de nieve, se revisa la línea de evacuación y se repone el servicio al amainar."
Termoeléctrica Valle Central,2024-07-16,falla_mecanica,84,Se registra temperatura elevada en el descanso sobre la bomba de lubricación.
Eólica Punta Ventosa,2024-07-17,evento_climatico,24,"Se detecta lluvia intensa con anegamiento en el pararrayos del patio, se inspecciona la estructura y se despeja la faja."
Eólica Punta Ventosa,2024-07-17,falla_mecanica,54,"Se detecta temperatura elevada en el descanso en la bomba de lubricación, se ajusta el acoplamiento y se mide la vibración."
Parque Solar Altiplano,2024-07-17,inspeccion,2,Se registra la verificación visual sobre los niveles de aceite.
Parque Solar Pampa Alta,2024-07-17,inspeccion,8,"El operador reporta la ronda de rutina, se revisa el estado de los accesos y se deja constancia sin hallazgos."
Diésel Respaldo Cordillera,2024-07-18,correctivo,42,"El operador reporta el levantamiento de la indisponibilidad, se revisa el módulo de potencia y se repara y se devuelve a servicio."
Carboeléctrica Costa Brava,2024-07-19,inspeccion,2,"Evento por la ronda de rutina en la señalética del área, se deja constancia sin hallazgos."
Central Aguas Claras,2024-07-20,falla_mecanica,20,"Se detecta temperatura elevada en el descanso en el rodamiento del eje, se ajusta el acoplamiento y se mide la vibración."
Central Tres Saltos,2024-07-20,falla_mecanica,89,Se registra pérdida de aceite sobre el rodamiento del eje.
Central Tres Saltos,2024-07-20,evento_climatico,26,"El operador reporta lluvia intensa con anegamiento, se revisa la estructura de la torre y se inspecciona la estructura y se despeja la faja."
Diésel Respaldo Cordillera,2024-07-20,correctivo,29,"El operador reporta la reparación de la falla del turno anterior, se revisa la unidad detenida y se reemplaza la pieza y se prueba en vacío."
Eólica Loma Fría,2024-07-20,falla_mecanica,83,"El operador reporta ruido anormal, se revisa el acoplamiento y se rellena y se purga el circuito de aceite."
Eólica Punta Ventosa,2024-07-20,evento_climatico,25,Se registra una descarga atmosférica cercana sobre la línea de evacuación.
Eólica Punta Ventosa,2024-07-20,falla_mecanica,92,Se registra pérdida de aceite sobre el sello del descanso.
Parque Solar Llano Seco,2024-07-20,inspeccion,3,"Se detecta la verificación visual en los niveles de aceite, se programa revisión de detalle."
Carboeléctrica Costa Brava,2024-07-21,falla_mecanica,67,"Se detecta pérdida de aceite en el acoplamiento, se rellena y se purga el circuito de aceite."
Termoeléctrica Valle Central,2024-07-21,inspeccion,4,"El operador reporta la verificación visual, se revisa el registro de alarmas y se programa revisión de detalle."
Central Aguas Claras,2024-07-22,falla_mecanica,73,"Evento por vibración fuera de norma en el rodamiento del eje, se rellena y se purga el circuito de aceite."
Parque Solar Quebrada Honda,2024-07-22,inspeccion,2,"El operador reporta la verificación visual, se revisa los niveles de aceite y se anota una observación menor."
Carboeléctrica Costa Brava,2024-07-23,correctivo,49,Se registra el levantamiento de la indisponibilidad sobre el módulo de potencia.
Eólica Campo Abierto,2024-07-23,falla_mecanica,20,"Se detecta vibración fuera de norma en el sello del descanso, se reemplaza el rodamiento y se alinea el eje."
Carboeléctrica Roca Gris,2024-07-24,preventivo,20,Se registra la lubricación periódica sobre el sistema de refrigeración.
Diésel Respaldo Cordillera,2024-07-24,correctivo,72,"Se detecta la intervención de emergencia en la sección fuera de servicio, se normaliza y se informa al despacho."
Diésel Respaldo Cordillera,2024-07-26,correctivo,7,"Evento por la orden de trabajo pendiente en el componente dañado, se repara y se devuelve a servicio."
Central Río Manso Alto,2024-07-27,evento_climatico,33,"El operador reporta viento sobre lo previsto, se revisa el camino de acceso y se drena el sector y se revisa la puesta a tierra."
Central Río Manso Alto,2024-07-27,falla_mecanica,46,"El operador reporta pérdida de aceite, se revisa la bomba de lubricación y se ajusta el acoplamiento y se mide la vibración."
Central Salto Verde,2024-07-28,preventivo,23,"Se detecta el ajuste de rutina en el grupo hidráulico, se completa la pauta sin observaciones."
Parque Solar Llano Seco,2024-07-28,preventivo,9,"Se detecta la lubricación periódica en el sistema de refrigeración, se cambian filtros y se registra la lectura."
Central Tres Saltos,2024-07-29,preventivo,11,"Evento por el cambio de filtros en el tablero de control, se reaprietan las conexiones y se sella."
Eólica Punta Ventosa,2024-07-29,evento_climatico,22,"Evento por una descarga atmosférica cercana en la línea de evacuación, se drena el sector y se revisa la puesta a tierra."
Eólica Punta Ventosa,2024-07-29,falla_mecanica,56,"El operador reporta temperatura elevada en el descanso, se revisa el acoplamiento y se rellena y se purga el circuito de aceite."
Central Aguas Claras,2024-08-01,evento_climatico,10,"Evento por una descarga atmosférica cercana en el patio de alta tensión, se inspecciona la estructura y se despeja la faja."
Parque Solar Quebrada Honda,2024-08-02,inspeccion,4,Se registra el chequeo de seguridad sobre los niveles de aceite.
Eólica Loma Fría,2024-08-03,falla_electrica,38,"Se detecta sobretensión sostenida en el transformador de poder, se reemplaza el relé y se recalibra."
Carboeléctrica Costa Brava,2024-08-04,inspeccion,8,Se registra la ronda de rutina sobre el estado de los accesos.
Diésel Respaldo Cordillera,2024-08-04,inspeccion,6,"Se detecta la ronda de rutina en el registro de alarmas, se deja constancia sin hallazgos."
Eólica Loma Fría,2024-08-04,correctivo,69,"El operador reporta la intervención de emergencia, se revisa el módulo de potencia y se normaliza y se informa al despacho."
Carboeléctrica Costa Brava,2024-08-05,correctivo,11,"El operador reporta la orden de trabajo pendiente, se revisa la sección fuera de servicio y se repara y se devuelve a servicio."
Eólica Loma Fría,2024-08-06,inspeccion,7,"Evento por la verificación visual en el estado de los accesos, se anota una observación menor."
Parque Solar Sol Naciente,2024-08-06,falla_mecanica,55,"Evento por pérdida de aceite en la caja multiplicadora, se ajusta el acoplamiento y se mide la vibración."
Central Aguas Claras,2024-08-07,falla_electrica,38,"Se detecta corriente de fuga elevada en el interruptor principal, se reemplaza el relé y se recalibra."
Central Salto Verde,2024-08-07,correctivo,49,"Se detecta el levantamiento de la indisponibilidad en la unidad detenida, se repara y se devuelve a servicio."
Eólica Punta Ventosa,2024-08-07,evento_climatico,33,"El operador reporta lluvia intensa con anegamiento, se revisa el camino de acceso y se inspecciona la estructura y se despeja la faja."
Parque Solar Altiplano,2024-08-07,preventivo,8,Se registra la lubricación periódica sobre el tablero de control.
Termoeléctrica Puerto Sur,2024-08-07,preventivo,15,"El operador reporta el cambio de filtros, se revisa los filtros de aire y se completa la pauta sin observaciones."
Carboeléctrica Costa Brava,2024-08-08,inspeccion,8,Se registra el chequeo de seguridad sobre los niveles de aceite.
Central Aguas Claras,2024-08-08,correctivo,31,"Evento por la reparación de la falla del turno anterior en el componente dañado, se reemplaza la pieza y se prueba en vacío."
Central Vega Azul,2024-08-08,correctivo,63,"Se detecta la orden de trabajo pendiente en la unidad detenida, se reemplaza la pieza y se prueba en vacío."
Eólica Campo Abierto,2024-08-08,preventivo,18,"Evento por el ajuste de rutina en el tablero de control, se cambian filtros y se registra la lectura."
Eólica Cerro Negro,2024-08-09,inspeccion,3,"Se detecta la ronda de rutina en el conjunto de medida, se deja constancia sin hallazgos."
Parque Solar Quebrada Honda,2024-08-09,falla_electrica,44,"Evento por sobretensión sostenida en el transformador de poder, se reemplaza el relé y se recalibra."
Eólica Loma Fría,2024-08-10,evento_climatico,12,"El operador reporta lluvia intensa con anegamiento, se revisa la estructura de la torre y se drena el sector y se revisa la puesta a tierra."
Parque Solar Quebrada Honda,2024-08-10,correctivo,54,"Se detecta el levantamiento de la indisponibilidad en la sección fuera de servicio, se normaliza y se informa al despacho."
Termoeléctrica Bahía Norte,2024-08-10,falla_mecanica,45,Se registra pérdida de aceite sobre la caja multiplicadora.
Diésel Respaldo Cordillera,2024-08-11,correctivo,56,"Evento por la orden de trabajo pendiente en la sección fuera de servicio, se normaliza y se informa al despacho."
Eólica Cerro Negro,2024-08-11,correctivo,43,"Se detecta la intervención de emergencia en el componente dañado, se normaliza y se informa al despacho."
Eólica Cerro Negro,2024-08-12,evento_climatico,26,"Evento por acumulación de nieve en la estructura de la torre, se inspecciona la estructura y se despeja la faja."
Eólica Punta Ventosa,2024-08-12,inspeccion,4,Se registra el chequeo de seguridad sobre el conjunto de medida.
Eólica Punta Ventosa,2024-08-12,falla_mecanica,8,"El operador reporta vibración fuera de norma, se revisa la bomba de lubricación y se reemplaza el rodamiento y se alinea el eje."
Parque Solar Altiplano,2024-08-12,preventivo,22,Se registra el ajuste de rutina sobre el grupo hidráulico.
Central Aguas Claras,2024-08-13,inspeccion,2,"El operador reporta la lectura de instrumentos, se revisa el registro de alarmas y se programa revisión de detalle."
Central Aguas Claras,2024-08-14,preventivo,11,Se registra el ajuste de rutina sobre el sistema de refrigeración.
Eólica Cerro Negro,2024-08-14,falla_mecanica,78,Se registra temperatura elevada en el descanso sobre el rodamiento del eje.
Eólica Punta Ventosa,2024-08-14,preventivo,12,"El operador reporta el ajuste de rutina, se revisa el grupo hidráulico y se reaprietan las conexiones y se sella."
Parque Solar Llano Seco,2024-08-14,preventivo,18,Se registra la lubricación periódica sobre el grupo hidráulico.
Carboeléctrica Roca Gris,2024-08-15,inspeccion,6,"Evento por la verificación visual en el registro de alarmas, se programa revisión de detalle."
Diésel Respaldo Cordillera,2024-08-15,correctivo,57,"Se detecta la orden de trabajo pendiente en el módulo de potencia, se reemplaza la pieza y se prueba en vacío."
Eólica Loma Fría,2024-08-15,preventivo,16,"El operador reporta el cambio de filtros, se revisa el tablero de control y se completa la pauta sin observaciones."
Eólica Campo Abierto,2024-08-16,evento_climatico,16,"El operador reporta acumulación de nieve, se revisa la línea de evacuación y se drena el sector y se revisa la puesta a tierra."
Eólica Loma Fría,2024-08-16,falla_mecanica,87,"El operador reporta vibración fuera de norma, se revisa el rodamiento del eje y se reemplaza el rodamiento y se alinea el eje."
Central Vega Azul,2024-08-17,falla_electrica,12,"Se detecta corriente de fuga elevada en el relé de protección, se reconecta el interruptor tras verificar la aislación."
Parque Solar Quebrada Honda,2024-08-19,correctivo,7,"Evento por la orden de trabajo pendiente en el módulo de potencia, se reemplaza la pieza y se prueba en vacío."
Eólica Cerro Negro,2024-08-20,evento_climatico,9,"Evento por viento sobre lo previsto en el pararrayos del patio, se repone el servicio al amainar."
Eólica Cerro Negro,2024-08-21,evento_climatico,35,"Se detecta acumulación de nieve en el camino de acceso, se repone el servicio al amainar."
Parque Solar Quebrada Honda,2024-08-21,correctivo,13,Se registra el levantamiento de la indisponibilidad sobre la unidad detenida.
Eólica Cerro Negro,2024-08-22,evento_climatico,18,"Se detecta acumulación de nieve en la línea de evacuación, se repone el servicio al amainar."
Eólica Cerro Negro,2024-08-22,falla_mecanica,43,"Evento por vibración fuera de norma en el acoplamiento, se reemplaza el rodamiento y se alinea el eje."
Parque Solar Altiplano,2024-08-22,inspeccion,7,Se registra la verificación visual sobre los niveles de aceite.
Parque Solar Altiplano,2024-08-22,preventivo,13,"Evento por la mantención programada en las conexiones de fuerza, se reaprietan las conexiones y se sella."
Eólica Cerro Negro,2024-08-23,evento_climatico,31,"Se detecta viento sobre lo previsto en el camino de acceso, se drena el sector y se revisa la puesta a tierra."
Eólica Cerro Negro,2024-08-23,falla_mecanica,41,"El operador reporta pérdida de aceite, se revisa el acoplamiento y se rellena y se purga el circuito de aceite."
Eólica Loma Fría,2024-08-23,evento_climatico,35,Se registra lluvia intensa con anegamiento sobre la línea de evacuación.
Central Aguas Claras,2024-08-24,inspeccion,3,"Evento por el chequeo de seguridad en el conjunto de medida, se programa revisión de detalle."
Eólica Campo Abierto,2024-08-26,evento_climatico,30,"Se detecta una descarga atmosférica cercana en la estructura de la torre, se inspecciona la estructura y se despeja la faja."
Parque Solar Llano Seco,2024-08-26,preventivo,10,"El operador reporta el ajuste de rutina, se revisa el tablero de control y se reaprietan las conexiones y se sella."
Termoeléctrica Valle Central,2024-08-26,preventivo,24,"Evento por el cambio de filtros en los filtros de aire, se completa la pauta sin observaciones."
Eólica Cerro Negro,2024-08-27,inspeccion,8,"Evento por la verificación visual en los niveles de aceite, se programa revisión de detalle."
Parque Solar Quebrada Honda,2024-08-27,preventivo,4,Se registra el ajuste de rutina sobre las conexiones de fuerza.
Termoeléctrica Bahía Norte,2024-08-27,inspeccion,6,"Evento por la ronda de rutina en el estado de los accesos, se deja constancia sin hallazgos."
Parque Solar Llano Seco,2024-08-28,falla_electrica,22,"Evento por el disparo de la protección diferencial en el relé de protección, se reemplaza el relé y se recalibra."
Parque Solar Altiplano,2024-08-29,falla_electrica,31,Se registra el disparo de la protección diferencial sobre el transformador de poder.
Parque Solar Llano Seco,2024-08-29,correctivo,51,Se registra el levantamiento de la indisponibilidad sobre el equipo afectado.
Eólica Campo Abierto,2024-08-30,evento_climatico,8,"Evento por lluvia intensa con anegamiento en la estructura de la torre, se repone el servicio al amainar."
Eólica Campo Abierto,2024-08-30,falla_mecanica,34,"Se detecta temperatura elevada en el descanso en la caja multiplicadora, se reemplaza el rodamiento y se alinea el eje."
Parque Solar Quebrada Honda,2024-08-30,preventivo,19,"Evento por la mantención programada en los filtros de aire, se completa la pauta sin observaciones."
Central Tres Saltos,2024-09-01,evento_climatico,30,"Evento por lluvia intensa con anegamiento en el pararrayos del patio, se inspecciona la estructura y se despeja la faja."
Central Salto Verde,2024-09-03,falla_mecanica,42,"Evento por pérdida de aceite en el sello del descanso, se ajusta el acoplamiento y se mide la vibración."
Central Salto Verde,2024-09-04,preventivo,9,"Se detecta la mantención programada en las conexiones de fuerza, se completa la pauta sin observaciones."
Eólica Punta Ventosa,2024-09-05,evento_climatico,15,Se registra viento sobre lo previsto sobre el pararrayos del patio.
Eólica Punta Ventosa,2024-09-05,falla_mecanica,57,"El operador reporta pérdida de aceite, se revisa el rodamiento del eje y se reemplaza el rodamiento y se alinea el eje."
Diésel Respaldo Cordillera,2024-09-06,preventivo,18,"El operador reporta el ajuste de rutina, se revisa el sistema de refrigeración y se completa la pauta sin observaciones."
Carboeléctrica Roca Gris,2024-09-07,preventivo,12,"Se detecta el ajuste de rutina en el grupo hidráulico, se reaprietan las conexiones y se sella."
Termoeléctrica Bahía Norte,2024-09-07,correctivo,67,Se registra la orden de trabajo pendiente sobre el módulo de potencia.
Parque Solar Llano Seco,2024-09-08,inspeccion,6,"Evento por la lectura de instrumentos en el conjunto de medida, se programa revisión de detalle."
Eólica Cerro Negro,2024-09-09,inspeccion,5,"Evento por el chequeo de seguridad en los niveles de aceite, se programa revisión de detalle."
Central Salto Verde,2024-09-10,falla_mecanica,14,Se registra ruido anormal sobre el acoplamiento.
Parque Solar Llano Seco,2024-09-10,correctivo,15,Se registra el levantamiento de la indisponibilidad sobre el equipo afectado.
Eólica Loma Fría,2024-09-11,evento_climatico,24,Se registra una descarga atmosférica cercana sobre la estructura de la torre.
Eólica Loma Fría,2024-09-11,falla_mecanica,93,Se registra ruido anormal sobre la bomba de lubricación.
Termoeléctrica Valle Central,2024-09-11,preventivo,8,"El operador reporta el cambio de filtros, se revisa el sistema de refrigeración y se completa la pauta sin observaciones."
Parque Solar Quebrada Honda,2024-09-14,evento_climatico,27,Se registra una descarga atmosférica cercana sobre la estructura de la torre.
Parque Solar Quebrada Honda,2024-09-14,falla_mecanica,21,"Evento por ruido anormal en la bomba de lubricación, se reemplaza el rodamiento y se alinea el eje."
Carboeléctrica Roca Gris,2024-09-15,inspeccion,2,"Evento por la lectura de instrumentos en la señalética del área, se anota una observación menor."
Central Río Manso Alto,2024-09-16,correctivo,43,"Se detecta la orden de trabajo pendiente en el componente dañado, se repara y se devuelve a servicio."
Eólica Punta Ventosa,2024-09-16,inspeccion,7,Se registra la lectura de instrumentos sobre el conjunto de medida.
Central Río Manso Alto,2024-09-18,inspeccion,5,Se registra la ronda de rutina sobre el conjunto de medida.
Termoeléctrica Valle Central,2024-09-18,correctivo,13,"Se detecta el levantamiento de la indisponibilidad en el módulo de potencia, se reemplaza la pieza y se prueba en vacío."
Eólica Punta Ventosa,2024-09-19,preventivo,14,Se registra la mantención programada sobre los filtros de aire.
Termoeléctrica Bahía Norte,2024-09-19,falla_electrica,29,"El operador reporta corriente de fuga elevada, se revisa el aislador de línea y se reconecta el interruptor tras verificar la aislación."
Eólica Campo Abierto,2024-09-22,inspeccion,8,"El operador reporta la ronda de rutina, se revisa el registro de alarmas y se programa revisión de detalle."
Termoeléctrica Bahía Norte,2024-09-22,preventivo,9,"El operador reporta la lubricación periódica, se revisa los filtros de aire y se completa la pauta sin observaciones."
Eólica Loma Fría,2024-09-23,preventivo,12,"Se detecta el cambio de filtros en los filtros de aire, se completa la pauta sin observaciones."
Parque Solar Pampa Alta,2024-09-23,falla_mecanica,66,"Evento por ruido anormal en el sello del descanso, se ajusta el acoplamiento y se mide la vibración."
Termoeléctrica Valle Central,2024-09-23,inspeccion,6,"El operador reporta la verificación visual, se revisa el estado de los accesos y se programa revisión de detalle."
Central Tres Saltos,2024-09-25,inspeccion,3,Se registra la lectura de instrumentos sobre el registro de alarmas.
Termoeléctrica Bahía Norte,2024-09-25,inspeccion,3,Se registra la lectura de instrumentos sobre el estado de los accesos.
Termoeléctrica Bahía Norte,2024-09-25,falla_mecanica,94,"El operador reporta vibración fuera de norma, se revisa el sello del descanso y se reemplaza el rodamiento y se alinea el eje."
Central Río Manso Alto,2024-09-27,correctivo,6,"Evento por la intervención de emergencia en el equipo afectado, se normaliza y se informa al despacho."
Central Vega Azul,2024-09-27,preventivo,4,"El operador reporta el ajuste de rutina, se revisa el tablero de control y se reaprietan las conexiones y se sella."
Central Salto Verde,2024-09-28,preventivo,23,"Se detecta el ajuste de rutina en el sistema de refrigeración, se cambian filtros y se registra la lectura."
Carboeléctrica Costa Brava,2024-09-30,falla_electrica,32,"Se detecta corriente de fuga elevada en el transformador de poder, se aísla el circuito y se normaliza la tensión."
Eólica Campo Abierto,2024-09-30,evento_climatico,15,Se registra viento sobre lo previsto sobre la línea de evacuación.
Eólica Campo Abierto,2024-09-30,falla_mecanica,82,"El operador reporta pérdida de aceite, se revisa el sello del descanso y se ajusta el acoplamiento y se mide la vibración."
Parque Solar Altiplano,2024-10-01,correctivo,34,Se registra el levantamiento de la indisponibilidad sobre el equipo afectado.
Carboeléctrica Costa Brava,2024-10-02,correctivo,69,Se registra la orden de trabajo pendiente sobre el módulo de potencia.
Eólica Loma Fría,2024-10-02,inspeccion,4,"Evento por la ronda de rutina en el registro de alarmas, se programa revisión de detalle."
Termoeléctrica Valle Central,2024-10-02,falla_mecanica,24,"Evento por vibración fuera de norma en la bomba de lubricación, se rellena y se purga el circuito de aceite."
Central Río Manso Alto,2024-10-04,preventivo,6,"Evento por la mantención programada en las conexiones de fuerza, se reaprietan las conexiones y se sella."
Central Tres Saltos,2024-10-04,preventivo,20,Se registra la mantención programada sobre las conexiones de fuerza.
Diésel Respaldo Cordillera,2024-10-04,falla_electrica,9,"Evento por un cortocircuito monofásico en la barra de media tensión, se aísla el circuito y se normaliza la tensión."
Central Río Manso Alto,2024-10-05,preventivo,6,"Se detecta la lubricación periódica en el tablero de control, se completa la pauta sin observaciones."
Diésel Respaldo Cordillera,2024-10-05,correctivo,59,"Evento por la orden de trabajo pendiente en el equipo afectado, se normaliza y se informa al despacho."
Termoeléctrica Valle Central,2024-10-05,preventivo,5,"Se detecta el ajuste de rutina en los filtros de aire, se cambian filtros y se registra la lectura."
Eólica Punta Ventosa,2024-10-06,evento_climatico,18,"Evento por viento sobre lo previsto en la estructura de la torre, se inspecciona la estructura y se despeja la faja."
Eólica Loma Fría,2024-10-10,preventivo,19,"Evento por la lubricación periódica en el sistema de refrigeración, se cambian filtros y se registra la lectura."
Parque Solar Pampa Alta,2024-10-11,falla_mecanica,42,Se registra vibración fuera de norma sobre el sello del descanso.
Eólica Cerro Negro,2024-10-12,preventivo,21,Se registra la mantención programada sobre el sistema de refrigeración.
Eólica Campo Abierto,2024-10-13,evento_climatico,21,"El operador reporta acumulación de nieve, se revisa la estructura de la torre y se repone el servicio al amainar."
Central Tres Saltos,2024-10-14,inspeccion,4,"Evento por la lectura de instrumentos en el conjunto de medida, se anota una observación menor."
Diésel Respaldo Cordillera,2024-10-14,falla_electrica,8,"El operador reporta el disparo de la protección diferencial, se revisa el aislador de línea y se aísla el circuito y se normaliza la tensión."
Parque Solar Pampa Alta,2024-10-14,correctivo,23,"Evento por la intervención de emergencia en la sección fuera de servicio, se reemplaza la pieza y se prueba en vacío."
Termoeléctrica Valle Central,2024-10-16,correctivo,13,Se registra el levantamiento de la indisponibilidad sobre el módulo de potencia.
Carboeléctrica Roca Gris,2024-10-17,correctivo,8,"Evento por el levantamiento de la indisponibilidad en el componente dañado, se repara y se devuelve a servicio."
Diésel Respaldo Cordillera,2024-10-17,correctivo,19,Se registra el levantamiento de la indisponibilidad sobre la sección fuera de servicio.
Central Salto Verde,2024-10-18,evento_climatico,19,Se registra acumulación de nieve sobre la línea de evacuación.
Central Río Manso Alto,2024-10-19,preventivo,6,"Evento por la lubricación periódica en el tablero de control, se reaprietan las conexiones y se sella."
Central Vega Azul,2024-10-21,preventivo,11,"El operador reporta el ajuste de rutina, se revisa el sistema de refrigeración y se cambian filtros y se registra la lectura."
Central Vega Azul,2024-10-25,falla_electrica,11,"Evento por un cortocircuito monofásico en el aislador de línea, se reconecta el interruptor tras verificar la aislación."
Termoeléctrica Valle Central,2024-10-25,inspeccion,8,"Se detecta la lectura de instrumentos en el registro de alarmas, se deja constancia sin hallazgos."
Eólica Loma Fría,2024-10-26,falla_electrica,3,Se registra el disparo de la protección diferencial sobre el relé de protección.
Parque Solar Pampa Alta,2024-10-26,falla_electrica,24,"Se detecta el disparo de la protección diferencial en el transformador de poder, se aísla el circuito y se normaliza la tensión."
Central Vega Azul,2024-10-27,falla_electrica,16,"Evento por sobretensión sostenida en la barra de media tensión, se reconecta el interruptor tras verificar la aislación."
Diésel Respaldo Cordillera,2024-10-27,correctivo,19,"El operador reporta la reparación de la falla del turno anterior, se revisa la unidad detenida y se repara y se devuelve a servicio."
Eólica Loma Fría,2024-10-27,correctivo,17,Se registra la intervención de emergencia sobre el equipo afectado.
Carboeléctrica Costa Brava,2024-10-30,inspeccion,8,"Evento por el chequeo de seguridad en los niveles de aceite, se deja constancia sin hallazgos."
Parque Solar Llano Seco,2024-10-30,falla_mecanica,75,"Se detecta temperatura elevada en el descanso en la bomba de lubricación, se ajusta el acoplamiento y se mide la vibración."
Diésel Respaldo Cordillera,2024-10-31,evento_climatico,11,Se registra viento sobre lo previsto sobre la estructura de la torre.
Diésel Respaldo Cordillera,2024-10-31,falla_mecanica,90,Se registra pérdida de aceite sobre el rodamiento del eje.
Carboeléctrica Costa Brava,2024-11-02,correctivo,57,"Evento por la orden de trabajo pendiente en la sección fuera de servicio, se normaliza y se informa al despacho."
Eólica Campo Abierto,2024-11-02,falla_mecanica,92,"Evento por ruido anormal en el sello del descanso, se ajusta el acoplamiento y se mide la vibración."
Carboeléctrica Costa Brava,2024-11-05,correctivo,46,"Se detecta la orden de trabajo pendiente en el módulo de potencia, se reemplaza la pieza y se prueba en vacío."
Central Salto Verde,2024-11-05,evento_climatico,16,"Evento por acumulación de nieve en la estructura de la torre, se drena el sector y se revisa la puesta a tierra."
Central Salto Verde,2024-11-05,falla_mecanica,28,Se registra vibración fuera de norma sobre el acoplamiento.
Central Tres Saltos,2024-11-05,inspeccion,2,Se registra el chequeo de seguridad sobre los niveles de aceite.
Diésel Respaldo Cordillera,2024-11-05,correctivo,21,Se registra la orden de trabajo pendiente sobre la sección fuera de servicio.
Central Salto Verde,2024-11-06,correctivo,33,"El operador reporta la intervención de emergencia, se revisa la unidad detenida y se normaliza y se informa al despacho."
Central Vega Azul,2024-11-06,preventivo,8,Se registra el ajuste de rutina sobre el tablero de control.
Eólica Cerro Negro,2024-11-06,evento_climatico,22,"Evento por una descarga atmosférica cercana en la estructura de la torre, se inspecciona la estructura y se despeja la faja."
Eólica Cerro Negro,2024-11-06,falla_mecanica,72,"El operador reporta vibración fuera de norma, se revisa el sello del descanso y se ajusta el acoplamiento y se mide la vibración."
Parque Solar Pampa Alta,2024-11-06,correctivo,7,"Evento por la reparación de la falla del turno anterior en el equipo afectado, se repara y se devuelve a servicio."
Termoeléctrica Bahía Norte,2024-11-07,inspeccion,7,"Evento por la lectura de instrumentos en la señalética del área, se anota una observación menor."
Eólica Campo Abierto,2024-11-08,inspeccion,5,"El operador reporta la ronda de rutina, se revisa el estado de los accesos y se programa revisión de detalle."
Parque Solar Altiplano,2024-11-08,preventivo,4,Se registra la lubricación periódica sobre las conexiones de fuerza.
Termoeléctrica Bahía Norte,2024-11-08,preventivo,24,"Se detecta la lubricación periódica en el tablero de control, se cambian filtros y se registra la lectura."
Termoeléctrica Puerto Sur,2024-11-08,preventivo,18,Se registra el ajuste de rutina sobre el sistema de refrigeración.
Parque Solar Llano Seco,2024-11-09,inspeccion,3,Se registra el chequeo de seguridad sobre el registro de alarmas.
Central Vega Azul,2024-11-10,inspeccion,1,"Se detecta la ronda de rutina en el conjunto de medida, se programa revisión de detalle."
Parque Solar Altiplano,2024-11-10,preventivo,18,Se registra la mantención programada sobre el grupo hidráulico.
Diésel Respaldo Cordillera,2024-11-11,correctivo,17,"Evento por la reparación de la falla del turno anterior en el módulo de potencia, se reemplaza la pieza y se prueba en vacío."
Parque Solar Quebrada Honda,2024-11-11,preventivo,14,"Se detecta la mantención programada en los filtros de aire, se completa la pauta sin observaciones."
Diésel Respaldo Cordillera,2024-11-12,correctivo,7,"El operador reporta la orden de trabajo pendiente, se revisa el equipo afectado y se normaliza y se informa al despacho."
Eólica Campo Abierto,2024-11-12,evento_climatico,7,"Se detecta una descarga atmosférica cercana en el patio de alta tensión, se repone el servicio al amainar."
Eólica Campo Abierto,2024-11-12,falla_mecanica,49,Se registra temperatura elevada en el descanso sobre la caja multiplicadora.
Eólica Loma Fría,2024-11-12,falla_mecanica,39,Se registra ruido anormal sobre el acoplamiento.
Parque Solar Llano Seco,2024-11-12,preventivo,23,"Evento por el cambio de filtros en los filtros de aire, se completa la pauta sin observaciones."
Eólica Punta Ventosa,2024-11-13,preventivo,15,"Evento por la lubricación periódica en los filtros de aire, se completa la pauta sin observaciones."
Parque Solar Sol Naciente,2024-11-14,evento_climatico,22,Se registra acumulación de nieve sobre el camino de acceso.
Parque Solar Sol Naciente,2024-11-14,falla_mecanica,58,"Se detecta vibración fuera de norma en el acoplamiento, se reemplaza el rodamiento y se alinea el eje."
Eólica Punta Ventosa,2024-11-15,evento_climatico,23,Se registra acumulación de nieve sobre el pararrayos del patio.
Eólica Punta Ventosa,2024-11-15,falla_mecanica,89,"El operador reporta pérdida de aceite, se revisa el acoplamiento y se ajusta el acoplamiento y se mide la vibración."
Eólica Campo Abierto,2024-11-16,falla_electrica,4,Se registra corriente de fuga elevada sobre la barra de media tensión.
Eólica Campo Abierto,2024-11-16,correctivo,25,"Evento por la orden de trabajo pendiente en el componente dañado, se repara y se devuelve a servicio."
Central Tres Saltos,2024-11-17,preventivo,8,"El operador reporta la lubricación periódica, se revisa el tablero de control y se cambian filtros y se registra la lectura."
Eólica Cerro Negro,2024-11-18,preventivo,24,"Evento por el ajuste de rutina en el tablero de control, se completa la pauta sin observaciones."
Central Aguas Claras,2024-11-19,falla_electrica,7,Se registra corriente de fuga elevada sobre el transformador de poder.
Eólica Loma Fría,2024-11-19,preventivo,21,"El operador reporta la lubricación periódica, se revisa los filtros de aire y se completa la pauta sin observaciones."
Eólica Loma Fría,2024-11-19,preventivo,20,Se registra el cambio de filtros sobre los filtros de aire.
Termoeléctrica Valle Central,2024-11-19,falla_mecanica,57,"El operador reporta vibración fuera de norma, se revisa el acoplamiento y se reemplaza el rodamiento y se alinea el eje."
Termoeléctrica Valle Central,2024-11-19,inspeccion,1,Se registra la lectura de instrumentos sobre el registro de alarmas.
Central Aguas Claras,2024-11-20,correctivo,33,Se registra la reparación de la falla del turno anterior sobre el módulo de potencia.
Central Salto Verde,2024-11-20,preventivo,24,"El operador reporta la lubricación periódica, se revisa los filtros de aire y se cambian filtros y se registra la lectura."
Diésel Respaldo Cordillera,2024-11-21,preventivo,20,"El operador reporta la lubricación periódica, se revisa las conexiones de fuerza y se completa la pauta sin observaciones."
Parque Solar Pampa Alta,2024-11-22,falla_electrica,41,"Evento por corriente de fuga elevada en el transformador de poder, se aísla el circuito y se normaliza la tensión."
Termoeléctrica Puerto Sur,2024-11-22,inspeccion,5,"Se detecta la verificación visual en el conjunto de medida, se deja constancia sin hallazgos."
Termoeléctrica Valle Central,2024-11-23,correctivo,67,"Se detecta la reparación de la falla del turno anterior en la unidad detenida, se normaliza y se informa al despacho."
Diésel Respaldo Cordillera,2024-11-24,correctivo,37,Se registra la intervención de emergencia sobre el componente dañado.
Eólica Punta Ventosa,2024-11-24,inspeccion,7,Se registra la ronda de rutina sobre los niveles de aceite.
Parque Solar Pampa Alta,2024-11-24,correctivo,54,"Se detecta el levantamiento de la indisponibilidad en el componente dañado, se repara y se devuelve a servicio."
Termoeléctrica Puerto Sur,2024-11-24,evento_climatico,5,Se registra acumulación de nieve sobre el patio de alta tensión.
Termoeléctrica Puerto Sur,2024-11-24,falla_mecanica,28,"Se detecta temperatura elevada en el descanso en el acoplamiento, se ajusta el acoplamiento y se mide la vibración."
Central Salto Verde,2024-11-26,falla_mecanica,45,"Se detecta ruido anormal en el acoplamiento, se ajusta el acoplamiento y se mide la vibración."
Central Río Manso Alto,2024-11-27,inspeccion,8,Se registra la lectura de instrumentos sobre el conjunto de medida.
Eólica Campo Abierto,2024-11-27,falla_mecanica,52,Se registra ruido anormal sobre el sello del descanso.
Eólica Campo Abierto,2024-11-27,preventivo,21,"El operador reporta la lubricación periódica, se revisa el tablero de control y se reaprietan las conexiones y se sella."
Eólica Campo Abierto,2024-11-27,evento_climatico,28,"Evento por viento sobre lo previsto en el camino de acceso, se repone el servicio al amainar."
Central Salto Verde,2024-11-28,correctivo,46,"Evento por la orden de trabajo pendiente en el equipo afectado, se normaliza y se informa al despacho."
Eólica Loma Fría,2024-11-28,inspeccion,5,Se registra el chequeo de seguridad sobre la señalética del área.
Eólica Cerro Negro,2024-11-29,evento_climatico,25,"Se detecta acumulación de nieve en el pararrayos del patio, se inspecciona la estructura y se despeja la faja."
Eólica Cerro Negro,2024-11-29,falla_mecanica,20,Se registra ruido anormal sobre el acoplamiento.
Carboeléctrica Costa Brava,2024-11-30,preventivo,18,"Se detecta la mantención programada en las conexiones de fuerza, se completa la pauta sin observaciones."
Central Aguas Claras,2024-12-02,preventivo,9,"El operador reporta la mantención programada, se revisa el grupo hidráulico y se cambian filtros y se registra la lectura."
Central Vega Azul,2024-12-02,evento_climatico,15,"Se detecta una descarga atmosférica cercana en el patio de alta tensión, se drena el sector y se revisa la puesta a tierra."
Central Vega Azul,2024-12-02,falla_mecanica,15,"El operador reporta ruido anormal, se revisa el rodamiento del eje y se reemplaza el rodamiento y se alinea el eje."
Eólica Campo Abierto,2024-12-02,evento_climatico,28,"Evento por una descarga atmosférica cercana en la estructura de la torre, se repone el servicio al amainar."
Central Salto Verde,2024-12-03,preventivo,17,"Se detecta el cambio de filtros en el tablero de control, se cambian filtros y se registra la lectura."
Eólica Punta Ventosa,2024-12-05,inspeccion,5,"Evento por la lectura de instrumentos en los niveles de aceite, se deja constancia sin hallazgos."
Parque Solar Sol Naciente,2024-12-05,preventivo,20,"Evento por la lubricación periódica en el tablero de control, se reaprietan las conexiones y se sella."
Eólica Cerro Negro,2024-12-06,correctivo,9,"Evento por la orden de trabajo pendiente en el equipo afectado, se repara y se devuelve a servicio."
Central Salto Verde,2024-12-07,correctivo,48,"Se detecta la orden de trabajo pendiente en el módulo de potencia, se normaliza y se informa al despacho."
Carboeléctrica Costa Brava,2024-12-08,correctivo,62,Se registra la orden de trabajo pendiente sobre el componente dañado.
Central Tres Saltos,2024-12-09,correctivo,47,"El operador reporta la reparación de la falla del turno anterior, se revisa la sección fuera de servicio y se reemplaza la pieza y se prueba en vacío."
Parque Solar Sol Naciente,2024-12-09,inspeccion,6,"Se detecta la lectura de instrumentos en el registro de alarmas, se deja constancia sin hallazgos."
Termoeléctrica Puerto Sur,2024-12-09,correctivo,36,"El operador reporta la orden de trabajo pendiente, se revisa el equipo afectado y se repara y se devuelve a servicio."
Central Aguas Claras,2024-12-10,preventivo,9,"Evento por el cambio de filtros en los filtros de aire, se completa la pauta sin observaciones."
Diésel Respaldo Cordillera,2024-12-10,correctivo,69,"Evento por la reparación de la falla del turno anterior en el componente dañado, se reemplaza la pieza y se prueba en vacío."
Eólica Loma Fría,2024-12-10,falla_mecanica,34,"Se detecta temperatura elevada en el descanso en la caja multiplicadora, se ajusta el acoplamiento y se mide la vibración."
Parque Solar Pampa Alta,2024-12-10,preventivo,16,"Evento por el ajuste de rutina en el sistema de refrigeración, se completa la pauta sin observaciones."
Eólica Loma Fría,2024-12-11,preventivo,15,Se registra la mantención programada sobre el sistema de refrigeración.
Parque Solar Llano Seco,2024-12-11,inspeccion,8,"Evento por la verificación visual en el registro de alarmas, se anota una observación menor."
Diésel Respaldo Cordillera,2024-12-12,falla_mecanica,78,Se registra vibración fuera de norma sobre la caja multiplicadora.
Carboeléctrica Costa Brava,2024-12-14,inspeccion,1,Se registra el chequeo de seguridad sobre el estado de los accesos.
Central Vega Azul,2024-12-16,evento_climatico,10,"Se detecta acumulación de nieve en el patio de alta tensión, se inspecciona la estructura y se despeja la faja."
Carboeléctrica Roca Gris,2024-12-17,correctivo,35,"El operador reporta la intervención de emergencia, se revisa el componente dañado y se repara y se devuelve a servicio."
Eólica Loma Fría,2024-12-17,inspeccion,5,Se registra el chequeo de seguridad sobre el conjunto de medida.
Parque Solar Altiplano,2024-12-17,falla_mecanica,92,"El operador reporta ruido anormal, se revisa la bomba de lubricación y se reemplaza el rodamiento y se alinea el eje."
Parque Solar Pampa Alta,2024-12-17,inspeccion,7,Se registra la lectura de instrumentos sobre el registro de alarmas.
Termoeléctrica Bahía Norte,2024-12-17,inspeccion,6,"Evento por el chequeo de seguridad en el registro de alarmas, se programa revisión de detalle."
Diésel Respaldo Cordillera,2024-12-19,preventivo,19,"Evento por la mantención programada en las conexiones de fuerza, se completa la pauta sin observaciones."
Parque Solar Pampa Alta,2024-12-20,falla_mecanica,78,"Se detecta vibración fuera de norma en la bomba de lubricación, se rellena y se purga el circuito de aceite."
Termoeléctrica Bahía Norte,2024-12-20,inspeccion,5,"El operador reporta el chequeo de seguridad, se revisa la señalética del área y se programa revisión de detalle."
Eólica Campo Abierto,2024-12-21,evento_climatico,23,"El operador reporta una descarga atmosférica cercana, se revisa el pararrayos del patio y se drena el sector y se revisa la puesta a tierra."
Eólica Loma Fría,2024-12-21,evento_climatico,34,"Evento por viento sobre lo previsto en la estructura de la torre, se drena el sector y se revisa la puesta a tierra."
Eólica Loma Fría,2024-12-21,falla_mecanica,28,Se registra vibración fuera de norma sobre el acoplamiento.
Parque Solar Sol Naciente,2024-12-22,inspeccion,6,Se registra la verificación visual sobre el estado de los accesos.
Termoeléctrica Valle Central,2024-12-23,preventivo,8,"Evento por la mantención programada en los filtros de aire, se cambian filtros y se registra la lectura."
Carboeléctrica Roca Gris,2024-12-24,correctivo,56,Se registra la intervención de emergencia sobre el módulo de potencia.
Central Río Manso Alto,2024-12-24,correctivo,21,"Se detecta la orden de trabajo pendiente en el componente dañado, se normaliza y se informa al despacho."
Carboeléctrica Roca Gris,2024-12-25,falla_electrica,38,"El operador reporta corriente de fuga elevada, se revisa el aislador de línea y se reconecta el interruptor tras verificar la aislación."
Carboeléctrica Roca Gris,2024-12-25,correctivo,72,"Evento por la orden de trabajo pendiente en el módulo de potencia, se reemplaza la pieza y se prueba en vacío."
Parque Solar Altiplano,2024-12-25,preventivo,5,Se registra la mantención programada sobre las conexiones de fuerza.
Parque Solar Quebrada Honda,2024-12-25,falla_mecanica,66,Se registra pérdida de aceite sobre el sello del descanso.
Termoeléctrica Bahía Norte,2024-12-25,preventivo,16,"Se detecta la mantención programada en el tablero de control, se completa la pauta sin observaciones."
Central Río Manso Alto,2024-12-26,correctivo,64,Se registra el levantamiento de la indisponibilidad sobre el componente dañado.
Central Tres Saltos,2024-12-27,inspeccion,1,"El operador reporta la ronda de rutina, se revisa el estado de los accesos y se anota una observación menor."
Eólica Punta Ventosa,2024-12-27,inspeccion,8,"Se detecta la verificación visual en el registro de alarmas, se deja constancia sin hallazgos."
Eólica Cerro Negro,2024-12-29,preventivo,8,Se registra la mantención programada sobre las conexiones de fuerza.
Termoeléctrica Bahía Norte,2024-12-29,inspeccion,7,"Se detecta la ronda de rutina en el conjunto de medida, se programa revisión de detalle."
Parque Solar Sol Naciente,2024-12-30,preventivo,6,"Evento por la lubricación periódica en las conexiones de fuerza, se reaprietan las conexiones y se sella."
